model,ws353sim,ws353rel,brunimen,radinskyturk,luongrare,hillsimlex,google-cosadd,google-cosmul,msr-cosadd,msr-cosmul
PPMI,0.171075594228,0.230875237494,0.0434427291493,0.295388887834,-0.0398131663135,0.0254510350754,0.0409332787556,0.0374539500614,0.029875,0.025375
SVD,0.375932489954,0.400513872431,0.139298899628,0.39760695131,-0.0133072190787,0.11541035188,0.0568972574703,0.0597114203848,0.02875,0.024625
SGNSpinit1,0.181511133271,0.29335604464,0.0698132030888,0.28699276488,0.00343244727293,0.0484380854505,0.00547482603357,0.00445149406467,0.0055,0.0045
SGNSpinit2,0.197280408476,0.303008158916,0.0668832543435,0.285532592169,0.00307722434589,0.0516814555552,0.00557715923045,0.00475849365534,0.004375,0.003625
SGNSpinit3,0.203918951693,0.304765215806,0.0687407306285,0.280541980527,0.00371383386357,0.0471561422715,0.00552599263201,0.00450266066312,0.005375,0.003875
SGNSsvd,0.177639014402,0.292211466988,0.0717478438485,0.27124746956,-0.0198664669293,0.0532315427667,0.0110008186656,0.0098751534998,0.004625,0.003375
