model,ws353sim,ws353rel,brunimen,radinskyturk,luongrare,hillsimlex,google-cosadd,google-cosmul,msr-cosadd,msr-cosmul
PPMI,0.202184557519,0.2346168637,0.0497178599712,0.277172311235,-0.0376842817542,0.0535664407919,0.0587904216128,0.0679492427343,0.120375,0.1395
SVD,0.353290550198,0.34976791087,0.127131245302,0.333063785204,0.0516923367243,0.114062361296,0.0726054031928,0.0752148997135,0.130875,0.133125
SGNSpinit1,0.217786811587,0.31057414551,0.0702710402513,0.282541601606,-0.0224116753416,0.080913264466,0.0638559148588,0.060888252149,0.151875,0.141375
SGNSpinit2,0.206730595739,0.28144647454,0.0670141311004,0.307572836975,-0.0260932965722,0.0868129228342,0.0684097421203,0.065032746623,0.14975,0.1425
SGNSpinit3,0.219932559131,0.3214312174,0.0813320828947,0.293786645668,-0.0276217463043,0.0892758042651,0.068256242325,0.0658002455997,0.15125,0.141625
SGNSsvd,0.230176279137,0.308825390865,0.0704771041472,0.299400856506,-0.0261171936198,0.084423507984,0.0713774048301,0.0672840769546,0.151625,0.14325
SGNSpinit1-rev