size\model,PPMI,SGNSpinit-highest,SGNSpinit-highest-rev,SGNSpinit-lowest,SGNSpinit-lowest-rev,SGNSpinit-middle,SGNSpinit-middle-rev,SGNSsvd,SGNSsvd-rev,SVD
103,0.089439214081,0.0249181334425,0.0256344658207,0.0245599672534,0.0243041342612,0.0255321326238,0.0251227998363,0.0338722881703,0.0339746213672,0.131549324601
100,0.369218174376,0.263252148997,0.261103151862,0.264531313958,0.2598751535,0.265042979943,0.26514531314,0.352333196889,0.357142857143,0.322810069587
136,0.407797789603,0.324703233729,0.328080229226,0.322758902988,0.327773229636,0.320047073271,0.333094555874,0.34670487106,0.354175194433,0.344504707327
200,0.474979533361,0.429799426934,0.434353254196,0.429492427343,0.434097421203,0.428827261564,0.434711420385,0.441925910765,0.451698731068,0.36481784691
300,0.51478714695,0.512740483013,0.517191977077,0.515656979124,0.51545231273,0.516884977487,0.516270978305,0.51018215309,0.52205280393,0.37863282849
400,0.53126279165,0.557920589439,0.561655751126,0.554799426934,0.55229226361,0.557613589849,0.561092918543,0.558739255014,0.559813753582,0.382367990176
500,0.542877609497,0.581099058535,0.596449038068,0.583196889071,0.589541547278,0.584066721244,0.588671715104,0.58452722063,0.58913221449,0.383033155956
5,0.00450266066312,0.00301882930823,0.001841997544,0.00281416291445,0.001841997544,0.00266066311912,0.00199549733934,0.00501432664756,0.00475849365534,0.0136614817847
15,0.0298812934916,0.00429799426934,0.00578182562423,0.00475849365534,0.00670282439623,0.00506549324601,0.00649815800246,0.00798198935735,0.0118706508391,0.0494269340974
