size\model,PPMI,SGNSpinit-highest,SGNSpinit-highest-rev,SGNSpinit-lowest,SGNSpinit-lowest-rev,SGNSpinit-middle,SGNSpinit-middle-rev,SGNSsvd,SGNSsvd-rev,SVD
103,0.03875,0.0075,0.00675,0.00675,0.00625,0.00775,0.0065,0.007125,0.0075,0.034125
100,0.15675,0.202,0.202625,0.201125,0.198875,0.20325,0.20325,0.25825,0.253625,0.158875
136,0.174875,0.258,0.256125,0.257625,0.2525,0.259,0.259,0.26375,0.261875,0.165625
200,0.189875,0.32325,0.3255,0.31975,0.32675,0.32025,0.320125,0.319,0.332,0.174125
300,0.211125,0.369875,0.37575,0.37175,0.372,0.36675,0.3705,0.37325,0.373625,0.179125
400,0.216375,0.4065,0.3965,0.40175,0.39875,0.40575,0.4,0.40575,0.403,0.1805
500,0.222375,0.42,0.422,0.414875,0.425125,0.415625,0.4225,0.418,0.415125,0.181375
5,0.004,0.002625,0.001375,0.002875,0.001375,0.00275,0.001375,0.001625,0.001375,0.0025
15,0.02425,0.003875,0.003625,0.0035,0.0035,0.003875,0.003625,0.002125,0.003,0.02775
