size\model,PPMI,SGNSpinit-highest,SGNSpinit-highest-rev,SGNSpinit-lowest,SGNSpinit-lowest-rev,SGNSpinit-middle,SGNSpinit-middle-rev,SGNSsvd,SGNSsvd-rev,SVD
103,0.081483688763,0.0209358816352,0.0214938921638,0.0207449106946,0.0205183938723,0.0219282465859,0.0211872207603,0.0278098355677,0.0284599832331,0.103756876012
100,0.312423578559,0.252304464607,0.250874521892,0.254571195412,0.249166507006,0.254759648399,0.253669155034,0.330857872501,0.334412514296,0.269159730984
136,0.342669561469,0.31408408237,0.314383807125,0.310912391451,0.313277706077,0.30958364869,0.318905839765,0.328113687534,0.334250240768,0.286402260621
200,0.389845214976,0.406555270074,0.411190485225,0.404274190563,0.409740050723,0.404980929484,0.408245614732,0.413152660794,0.424576335785,0.302665265056
300,0.420238515498,0.47780082502,0.482287713564,0.480679086068,0.480595154557,0.480221471925,0.48066151402,0.476381052297,0.484919823195,0.314502150916
400,0.435891498648,0.521084646287,0.519519422137,0.516523040853,0.514821017244,0.518898775454,0.520881442809,0.520529707299,0.521379486938,0.318256924649
500,0.447069424007,0.539285905738,0.551539323989,0.539327344717,0.546692896094,0.541962624068,0.545328205666,0.542013224046,0.545244175976,0.318483995059
5,0.00576739747763,0.00297039818485,0.00177019563449,0.00298182715326,0.00177200819805,0.00279684749039,0.0018840835339,0.00414064434654,0.00421717380067,0.0116466203088
15,0.0300965491288,0.00432184707991,0.00564988445109,0.00457736491917,0.0061970195984,0.00499792422216,0.0060548360715,0.00670750168988,0.009935935667,0.0434168974188
