size\model,PPMI,SGNSpinit-highest,SGNSpinit-highest-rev,SGNSpinit-lowest,SGNSpinit-lowest-rev,SGNSpinit-middle,SGNSpinit-middle-rev,SGNSsvd,SGNSsvd-rev,SVD
103,0.200708334476,0.186515690106,0.21217089923,0.185290561442,0.193108187189,0.221702255251,0.190099735144,0.213512016407,0.218951877647,0.345467797591
100,0.499878062373,0.606998376434,0.638101871623,0.623128611884,0.620613821529,0.593045808843,0.635348226395,0.644288428043,0.646744401281,0.672100316576
136,0.507714367171,0.653861272329,0.643039640248,0.64337174177,0.627821070098,0.657449833693,0.64695886857,0.654684711955,0.627561414049,0.692265980017
200,0.553135450241,0.682729455004,0.697038491175,0.692927037201,0.690481109418,0.688165726754,0.708072422871,0.693821486451,0.691941493279,0.730906342237
300,0.584401006291,0.745646464213,0.728654797571,0.714559511102,0.729553550507,0.725432054601,0.733438343725,0.729506927251,0.732856628936,0.743526181947
400,0.696512724293,0.751968577843,0.759256868811,0.74588962243,0.756595039485,0.746048141503,0.763460134737,0.751852378341,0.75564751145,0.740672121347
500,0.702539318203,0.751848791937,0.745424824423,0.741504167161,0.752993572213,0.73508235149,0.754960356372,0.745150105848,0.760416711986,0.74876018049
5,0.102787300117,0.10068675188,0.114419164823,0.10644591266,0.101021861866,0.106262982033,0.107311679163,0.0991491884193,0.101175618212,0.227695013227
15,0.232210919574,0.219246919087,0.211411245176,0.216186725351,0.203872166791,0.214505773862,0.213244877613,0.205017639166,0.201824488815,0.366781277158
