size\model,PPMI,SGNSpinit-highest,SGNSpinit-highest-rev,SGNSpinit-lowest,SGNSpinit-lowest-rev,SGNSpinit-middle,SGNSpinit-middle-rev,SGNSsvd,SGNSsvd-rev,SVD
103,0.290211422041,0.327715929641,0.305020531732,0.313340885262,0.298361689262,0.330894030656,0.286772894288,0.379781001085,0.326347648557,0.443878664862
100,0.441772736283,0.572032558353,0.588347271239,0.581994536811,0.575050510275,0.559472569103,0.582967900358,0.550174622556,0.574159260217,0.607731303846
136,0.445916193575,0.585921012795,0.592019146481,0.57198911699,0.586619163614,0.580316309011,0.598221890306,0.600462946937,0.570675303633,0.605910922985
200,0.48132403211,0.633882567125,0.640381132959,0.642308355921,0.63598264024,0.639140061362,0.647337882929,0.650305206377,0.633707842242,0.61601751022
300,0.507879302096,0.671752184932,0.680011121165,0.661029853273,0.682831090266,0.675285676331,0.682243924781,0.673804264562,0.688192068623,0.6252536278
400,0.661537031237,0.677796689903,0.67510532729,0.663661599467,0.677214773663,0.660120234201,0.688468403848,0.67861707182,0.670620972755,0.632275617075
500,0.661349558256,0.687068355367,0.667574536251,0.686226976472,0.680581414078,0.684811180258,0.681915847004,0.684603085211,0.676786585295,0.63889228969
5,0.0325253049995,0.0314109565784,0.0342876757822,0.0323711131836,0.0240218347182,0.029900293517,0.0341151476422,0.0502215246528,0.0521660084721,0.168182847921
15,0.326237571398,0.328498399759,0.333839176326,0.327210367921,0.330303988269,0.321494561245,0.335196014091,0.350715909302,0.358004044834,0.434314732942
